panel,rep,metric,value
3xui,1,disk_images,462.0
mistgate,1,disk_images,61.943968
pasarguard,1,disk_images,462.0
remnawave,1,disk_images,1551.0
3xui,1,disk_data0,1.2685
mistgate,1,disk_data0,1.396544
pasarguard,1,disk_data0,0.42628
remnawave,1,disk_data0,44.043614
3xui,1,disk_data200,4.787811
mistgate,1,disk_data200,5.156688
pasarguard,1,disk_data200,4.61172
remnawave,1,disk_data200,44.491278
3xui,1,idle0_mem,73.98203125
mistgate,1,idle0_mem,25.57578125
pasarguard,1,idle0_mem,357.4048177083333
remnawave,1,idle0_mem,624.0134114583333
3xui,1,idle0_anon,64.99954427083334
mistgate,1,idle0_anon,22.612955729166668
pasarguard,1,idle0_anon,261.13776041666665
remnawave,1,idle0_anon,578.1193359375
3xui,1,idle0_ws,70.33404947916667
mistgate,1,idle0_ws,24.699674479166667
pasarguard,1,idle0_ws,321.7018229166667
remnawave,1,idle0_ws,651.5482421875
3xui,1,idle0_cpu,0.6094906525068815
mistgate,1,idle0_cpu,0.11464368783198507
pasarguard,1,idle0_cpu,0.1787445317271236
remnawave,1,idle0_cpu,3.6069596349591198
3xui,1,idle200_mem,93.721875
mistgate,1,idle200_mem,30.164583333333333
pasarguard,1,idle200_mem,365.43372395833336
remnawave,1,idle200_mem,507.8803385416667
3xui,1,idle200_anon,83.3474609375
mistgate,1,idle200_anon,24.266666666666666
pasarguard,1,idle200_anon,264.8823567708333
remnawave,1,idle200_anon,437.67311197916666
3xui,1,idle200_ws,90.0146484375
mistgate,1,idle200_ws,29.228385416666665
pasarguard,1,idle200_ws,329.8618489583333
remnawave,1,idle200_ws,501.4607421875
3xui,1,idle200_cpu,0.5687983364216921
mistgate,1,idle200_cpu,0.11610673478541296
pasarguard,1,idle200_cpu,0.15677399166915573
remnawave,1,idle200_cpu,3.4351856110488987
3xui,1,procs,3
mistgate,1,procs,1
pasarguard,1,procs,1
remnawave,1,procs,21
3xui,1,containers,1
mistgate,1,containers,0
pasarguard,1,containers,1
remnawave,1,containers,3
3xui,1,create_s,1.9290144443511963
mistgate,1,create_s,0.31643176078796387
pasarguard,1,create_s,2.8939688205718994
remnawave,1,create_s,1.2008709907531738
3xui,1,rps,161.5152587347884
mistgate,1,rps,15750.68402686968
pasarguard,1,rps,101.82387457429675
remnawave,1,rps,999.5423076306669
3xui,1,ok_rps,161.5152587347884
mistgate,1,ok_rps,196.46602464995712
pasarguard,1,ok_rps,101.82387457429675
remnawave,1,ok_rps,250.53561302404617
3xui,1,p50,277.634
mistgate,1,p50,1.072
pasarguard,1,p50,466.582
remnawave,1,p50,179.756
3xui,1,p95,480.987
mistgate,1,p95,5.354
pasarguard,1,p95,1071.155
remnawave,1,p95,204.691
3xui,1,p99,1122.245
mistgate,1,p99,76.86
pasarguard,1,p99,1420.691
remnawave,1,p99,295.581
3xui,1,err,0
mistgate,1,err,98.75265084160918
pasarguard,1,err,0
remnawave,1,err,74.93496662308169
3xui,1,load_cpu,63.1252026641969
mistgate,1,load_cpu,99.84298208362154
pasarguard,1,load_cpu,99.99301714132368
remnawave,1,load_cpu,83.0189117922542
3xui,1,load_thr,8.518
mistgate,1,load_thr,203485.362
pasarguard,1,load_thr,28556.28
remnawave,1,load_thr,270388.557
3xui,1,load_peak,108.22265625
mistgate,1,load_peak,41.578125
pasarguard,1,load_peak,384.4921875
remnawave,1,load_peak,1023.8671875
3xui,1,load_peak_anon,93.2228515625
mistgate,1,load_peak_anon,33.81009114583333
pasarguard,1,load_peak_anon,278.51568903688525
remnawave,1,load_peak_anon,786.031142979452
3xui,1,slice_peak,108.91015625
mistgate,1,slice_peak,83.93359375
pasarguard,1,slice_peak,462.05078125
remnawave,1,slice_peak,1024.01953125
3xui,1,after_load,94.36515625
mistgate,1,after_load,33.92546875
pasarguard,1,after_load,280.6796875
remnawave,1,after_load,842.2484375
3xui,1,cold_first,1.7667925357818604
mistgate,1,cold_first,0.19978594779968262
pasarguard,1,cold_first,11.556949138641357
remnawave,1,cold_first,14.072896003723145
3xui,1,cold_restart,1.4092950820922852
mistgate,1,cold_restart,0.08658218383789062
pasarguard,1,cold_restart,5.986941814422607
remnawave,1,cold_restart,12.026085615158081
